"input order","SHBd","CrippenLogP","nAcid","MDEO.11","TopoPSA","nBase","ATSC1e","predicted_ka","absorption_halftime"
1,1.6082304526749,-0.26061,1,0.814325284978472,105.2,0,-0.464152221606648,0.0147707229889508,46.9171346939752
2,0.112387330397861,3.85228000000001,0,0.333333333333333,112.24,1,-0.13140812597633,0.0289054673538421,23.9747031769714
3,NA,4.1345,0,0,0,0,NA,0.0341643678854685,20.2842915848228
